{"cameraMode":{"drawMode":0,"name":"Shaded","section":"Shading Mode"},"sceneLighting":true,"audioPlay":false,"sceneViewState":{"m_AlwaysRefresh":false,"showFog":true,"showSkybox":false,"showFlares":true,"showImageEffects":true,"showParticleSystems":true,"showVisualEffectGraphs":true,"m_FxEnabled":true},"in2DMode":false,"pivot":{"x":3.8231892585754396,"y":14.775851249694825,"z":-0.20383262634277345},"rotation":{"x":-0.2491351217031479,"y":-0.039784759283065799,"z":0.010243195109069348,"w":-0.9676129221916199},"size":13.011653900146485,"orthographic":false}