{"cameraMode":{"drawMode":0,"name":"Shaded","section":"Shading Mode"},"sceneLighting":true,"audioPlay":false,"sceneViewState":{"m_AlwaysRefresh":false,"showFog":true,"showSkybox":false,"showFlares":true,"showImageEffects":true,"showParticleSystems":true,"showVisualEffectGraphs":true,"m_FxEnabled":true},"in2DMode":false,"pivot":{"x":10.532480239868164,"y":28.62381362915039,"z":-22.71441078186035},"rotation":{"x":0.16972017288208009,"y":-0.23118165135383607,"z":0.040993984788656238,"w":0.9571173191070557},"size":8.099440574645996,"orthographic":false}