{"cameraMode":{"drawMode":0,"name":"Shaded","section":"Shading Mode"},"sceneLighting":false,"audioPlay":false,"sceneViewState":{"m_AlwaysRefresh":false,"showFog":true,"showSkybox":false,"showFlares":true,"showImageEffects":true,"showParticleSystems":true,"showVisualEffectGraphs":true,"m_FxEnabled":true},"in2DMode":false,"pivot":{"x":0.1573248952627182,"y":1.477625846862793,"z":-3.379976272583008},"rotation":{"x":0.01799699477851391,"y":0.01499710138887167,"z":-0.0002701490302570164,"w":0.9997230768203735},"size":1.3021962642669678,"orthographic":false}