{"cameraMode":{"drawMode":0,"name":"Shaded","section":"Shading Mode"},"sceneLighting":false,"audioPlay":false,"sceneViewState":{"m_AlwaysRefresh":false,"showFog":true,"showSkybox":false,"showFlares":true,"showImageEffects":true,"showParticleSystems":true,"showVisualEffectGraphs":true,"m_FxEnabled":true},"in2DMode":false,"pivot":{"x":945.460693359375,"y":473.6962585449219,"z":22.297607421875},"rotation":{"x":0.005999417044222355,"y":-0.013499345630407334,"z":0.00008099705155473202,"w":0.9998908638954163},"size":286.78253173828127,"orthographic":true}