{"cameraMode":{"drawMode":0,"name":"Shaded","section":"Shading Mode"},"sceneLighting":false,"audioPlay":false,"sceneViewState":{"m_AlwaysRefresh":false,"showFog":true,"showSkybox":false,"showFlares":true,"showImageEffects":true,"showParticleSystems":true,"showVisualEffectGraphs":true,"m_FxEnabled":true},"in2DMode":false,"pivot":{"x":-1.1479867696762086,"y":19.637035369873048,"z":5.803417682647705},"rotation":{"x":0.8102429509162903,"y":-0.05312012508511543,"z":0.07434485852718353,"w":0.5789272785186768},"size":1.1550672054290772,"orthographic":true}